"subset","n_protein","sumAA","time"
1,1000,183614,4.63099999999395
2,5000,912633,68.7699999999895
3,10000,1838625,249.468000000023
4,15000,NA,1050
5,20000,NA,4400
6,25000,NA,18400
7,30000,NA,76940
